grid,ritmo_representativo_pct,duracao_mediana_pit_convencional,qtd_pit_stops,qtd_compostos_distintos,voltas_stint_medio,air_temp_media,track_temp_media,humidity_media,pressure_media,wind_speed_medio,primeiro_composto_HARD,primeiro_composto_INTERMEDIATE,primeiro_composto_MEDIUM,primeiro_composto_SOFT,primeiro_composto_SUPERSOFT,primeiro_composto_None,composto_mais_utilizado_HARD,composto_mais_utilizado_INTERMEDIATE,composto_mais_utilizado_MEDIUM,composto_mais_utilizado_SOFT,composto_mais_utilizado_SUPERSOFT,composto_mais_utilizado_None,rainfall_ocorreu
1.0,-1.0958879654759113,22.641,1.0,2.0,35.5,23.769600000000004,40.06880000000001,75.41279999999998,923.9296,2.1871999999999994,0.0,0.0,0.0,0.0,1.0,0.0,0.0,0.0,1.0,0.0,0.0,0.0,0.0
2.0,-1.164522317775074,22.616999999999997,2.0,3.0,23.666666666666668,23.769600000000004,40.06880000000001,75.41279999999998,923.9296,2.1871999999999994,0.0,0.0,0.0,1.0,0.0,0.0,0.0,0.0,0.0,1.0,0.0,0.0,0.0
3.0,-1.120171320319585,22.841,2.0,3.0,23.666666666666668,23.769600000000004,40.06880000000001,75.41279999999998,923.9296,2.1871999999999994,0.0,0.0,0.0,0.0,1.0,0.0,0.0,0.0,1.0,0.0,0.0,0.0,0.0
4.0,-1.1114866080659758,22.766,1.0,2.0,35.5,23.769600000000004,40.06880000000001,75.41279999999998,923.9296,2.1871999999999994,0.0,0.0,0.0,1.0,0.0,0.0,0.0,0.0,1.0,0.0,0.0,0.0,0.0
5.0,-1.3432157206784923,23.432,1.0,2.0,35.5,23.769600000000004,40.06880000000001,75.41279999999998,923.9296,2.1871999999999994,0.0,0.0,0.0,0.0,1.0,0.0,0.0,0.0,0.0,1.0,0.0,0.0,0.0
6.0,0.9044388908723056,23.377,1.0,2.0,10.0,23.769600000000004,40.06880000000001,75.41279999999998,923.9296,2.1871999999999994,0.0,0.0,0.0,0.0,1.0,0.0,0.0,0.0,0.0,0.0,1.0,0.0,0.0
7.0,-0.29055454753144083,23.593,1.0,2.0,35.5,23.769600000000004,40.06880000000001,75.41279999999998,923.9296,2.1871999999999994,0.0,0.0,0.0,0.0,1.0,0.0,0.0,0.0,1.0,0.0,0.0,0.0,0.0
8.0,-0.258432359282168,23.403,1.0,2.0,35.5,23.769600000000004,40.06880000000001,75.41279999999998,923.9296,2.1871999999999994,0.0,0.0,0.0,0.0,1.0,0.0,0.0,0.0,1.0,0.0,0.0,0.0,0.0
9.0,0.8736871456455075,23.757,1.0,2.0,35.0,23.769600000000004,40.06880000000001,75.41279999999998,923.9296,2.1871999999999994,0.0,0.0,0.0,0.0,1.0,0.0,0.0,0.0,1.0,0.0,0.0,0.0,0.0
10.0,-0.1989219846550483,23.115,1.0,2.0,35.5,23.769600000000004,40.06880000000001,75.41279999999998,923.9296,2.1871999999999994,0.0,0.0,0.0,1.0,0.0,0.0,0.0,0.0,0.0,1.0,0.0,0.0,0.0
11.0,-1.214728023527295,23.3,1.0,2.0,35.5,23.769600000000004,40.06880000000001,75.41279999999998,923.9296,2.1871999999999994,0.0,0.0,0.0,0.0,1.0,0.0,0.0,0.0,0.0,0.0,1.0,0.0,0.0
12.0,0.0493542814838932,23.505,1.0,2.0,35.0,23.769600000000004,40.06880000000001,75.41279999999998,923.9296,2.1871999999999994,0.0,0.0,0.0,0.0,1.0,0.0,0.0,0.0,0.0,0.0,1.0,0.0,0.0
13.0,0.25566756348995856,23.50275,0.0,1.0,32.0,23.769600000000004,40.06880000000001,75.41279999999998,923.9296,2.1871999999999994,0.0,0.0,0.0,1.0,0.0,0.0,0.0,0.0,0.0,1.0,0.0,0.0,0.0
14.0,1.5415139404906575,23.273,1.0,2.0,34.5,23.769600000000004,40.06880000000001,75.41279999999998,923.9296,2.1871999999999994,0.0,0.0,0.0,1.0,0.0,0.0,0.0,0.0,1.0,0.0,0.0,0.0,0.0
15.0,0.4491565949605203,23.8545,2.0,3.0,23.333333333333332,23.769600000000004,40.06880000000001,75.41279999999998,923.9296,2.1871999999999994,0.0,0.0,0.0,1.0,0.0,0.0,0.0,0.0,0.0,1.0,0.0,0.0,0.0
16.0,0.8247776399482598,23.422,1.0,2.0,35.0,23.769600000000004,40.06880000000001,75.41279999999998,923.9296,2.1871999999999994,0.0,0.0,1.0,0.0,0.0,0.0,0.0,0.0,1.0,0.0,0.0,0.0,0.0
17.0,1.0549403232100296,28.3995,2.0,3.0,23.0,23.769600000000004,40.06880000000001,75.41279999999998,923.9296,2.1871999999999994,0.0,0.0,0.0,1.0,0.0,0.0,0.0,0.0,1.0,0.0,0.0,0.0,0.0
18.0,0.20532988045451894,29.212,2.0,2.0,23.333333333333332,23.769600000000004,40.06880000000001,75.41279999999998,923.9296,2.1871999999999994,0.0,0.0,0.0,1.0,0.0,0.0,0.0,0.0,0.0,1.0,0.0,0.0,0.0
19.0,1.4101151195676787,24.445500000000003,2.0,3.0,23.0,23.769600000000004,40.06880000000001,75.41279999999998,923.9296,2.1871999999999994,0.0,0.0,0.0,1.0,0.0,0.0,0.0,0.0,1.0,0.0,0.0,0.0,0.0
20.0,1.115380362671381,22.618,1.0,2.0,35.0,23.769600000000004,40.06880000000001,75.41279999999998,923.9296,2.1871999999999994,0.0,0.0,0.0,1.0,0.0,0.0,0.0,0.0,1.0,0.0,0.0,0.0,0.0
1.0,-1.957712810807405,22.657,3.0,2.0,17.75,21.016793893129773,46.45343511450379,60.289312977099236,924.7916030534352,1.2877862595419842,0.0,0.0,0.0,1.0,0.0,0.0,0.0,0.0,0.0,1.0,0.0,0.0,0.0
2.0,-1.6994294675932053,23.088500000000003,2.0,2.0,22.0,21.016793893129773,46.45343511450379,60.289312977099236,924.7916030534352,1.2877862595419842,0.0,0.0,0.0,1.0,0.0,0.0,0.0,0.0,0.0,1.0,0.0,0.0,0.0
3.0,-1.9618983172621451,23.06,3.0,2.0,17.75,21.016793893129773,46.45343511450379,60.289312977099236,924.7916030534352,1.2877862595419842,0.0,0.0,0.0,1.0,0.0,0.0,0.0,0.0,0.0,1.0,0.0,0.0,0.0
4.0,-1.2911126196275768,23.179000000000002,2.0,3.0,17.333333333333332,21.016793893129773,46.45343511450379,60.289312977099236,924.7916030534352,1.2877862595419842,0.0,0.0,0.0,1.0,0.0,0.0,0.0,0.0,0.0,1.0,0.0,0.0,0.0
5.0,-1.2355165510686938,23.072000000000003,2.0,2.0,23.666666666666668,21.016793893129773,46.45343511450379,60.289312977099236,924.7916030534352,1.2877862595419842,0.0,0.0,0.0,1.0,0.0,0.0,0.0,0.0,0.0,1.0,0.0,0.0,0.0
6.0,-0.30674846625767804,23.253,2.0,2.0,23.666666666666668,21.016793893129773,46.45343511450379,60.289312977099236,924.7916030534352,1.2877862595419842,0.0,0.0,0.0,1.0,0.0,0.0,0.0,0.0,0.0,1.0,0.0,0.0,0.0
7.0,0.18958116104919043,23.6235,2.0,2.0,23.666666666666668,21.016793893129773,46.45343511450379,60.289312977099236,924.7916030534352,1.2877862595419842,0.0,0.0,0.0,1.0,0.0,0.0,0.0,0.0,1.0,0.0,0.0,0.0,0.0
8.0,0.0,23.652,2.0,2.0,23.666666666666668,21.016793893129773,46.45343511450379,60.289312977099236,924.7916030534352,1.2877862595419842,0.0,0.0,0.0,1.0,0.0,0.0,0.0,0.0,0.0,1.0,0.0,0.0,0.0
9.0,0.2961251427508804,23.685,2.0,2.0,23.666666666666668,21.016793893129773,46.45343511450379,60.289312977099236,924.7916030534352,1.2877862595419842,0.0,0.0,0.0,1.0,0.0,0.0,0.0,0.0,0.0,1.0,0.0,0.0,0.0
10.0,0.1130604807065616,23.368000000000002,2.0,3.0,23.666666666666668,21.016793893129773,46.45343511450379,60.289312977099236,924.7916030534352,1.2877862595419842,0.0,0.0,0.0,1.0,0.0,0.0,0.0,0.0,0.0,1.0,0.0,0.0,0.0
11.0,-0.01931157562479191,30.125500000000002,2.0,2.0,23.666666666666668,21.016793893129773,46.45343511450379,60.289312977099236,924.7916030534352,1.2877862595419842,0.0,0.0,1.0,0.0,0.0,0.0,0.0,0.0,0.0,1.0,0.0,0.0,0.0
12.0,0.031941228140230926,23.3395,2.0,2.0,23.666666666666668,21.016793893129773,46.45343511450379,60.289312977099236,924.7916030534352,1.2877862595419842,0.0,0.0,0.0,1.0,0.0,0.0,0.0,0.0,0.0,1.0,0.0,0.0,0.0
13.0,0.2558311335444263,23.344,3.0,3.0,17.75,21.016793893129773,46.45343511450379,60.289312977099236,924.7916030534352,1.2877862595419842,0.0,0.0,1.0,0.0,0.0,0.0,0.0,0.0,1.0,0.0,0.0,0.0,0.0
14.0,-1.1743695205108873,23.004,2.0,3.0,22.0,21.016793893129773,46.45343511450379,60.289312977099236,924.7916030534352,1.2877862595419842,0.0,0.0,1.0,0.0,0.0,0.0,0.0,0.0,1.0,0.0,0.0,0.0,0.0
15.0,0.11009667024703962,23.110500000000002,2.0,2.0,23.666666666666668,21.016793893129773,46.45343511450379,60.289312977099236,924.7916030534352,1.2877862595419842,0.0,0.0,0.0,1.0,0.0,0.0,0.0,0.0,0.0,1.0,0.0,0.0,0.0
16.0,0.23104985812727463,23.0685,2.0,2.0,23.666666666666668,21.016793893129773,46.45343511450379,60.289312977099236,924.7916030534352,1.2877862595419842,0.0,0.0,1.0,0.0,0.0,0.0,0.0,0.0,0.0,1.0,0.0,0.0,0.0
17.0,0.2587935613245884,24.0935,2.0,2.0,22.0,21.016793893129773,46.45343511450379,60.289312977099236,924.7916030534352,1.2877862595419842,0.0,0.0,0.0,1.0,0.0,0.0,0.0,0.0,0.0,1.0,0.0,0.0,0.0
18.0,1.765346347467811,22.5,3.0,2.0,17.75,21.016793893129773,46.45343511450379,60.289312977099236,924.7916030534352,1.2877862595419842,0.0,0.0,1.0,0.0,0.0,0.0,0.0,0.0,1.0,0.0,0.0,0.0,0.0
19.0,2.456822518577939,24.367,4.0,3.0,14.0,21.016793893129773,46.45343511450379,60.289312977099236,924.7916030534352,1.2877862595419842,0.0,0.0,1.0,0.0,0.0,0.0,0.0,0.0,1.0,0.0,0.0,0.0,0.0
20.0,0.04124391264481719,22.77,1.0,2.0,35.5,21.016793893129773,46.45343511450379,60.289312977099236,924.7916030534352,1.2877862595419842,0.0,0.0,0.0,1.0,0.0,0.0,0.0,0.0,1.0,0.0,0.0,0.0,0.0
0.0,0.06369950012674597,20.7145,4.0,2.0,14.0,23.137341772151892,51.56139240506331,60.10126582278483,926.9303797468358,0.39177215189873377,0.0,0.0,1.0,0.0,0.0,0.0,0.0,0.0,1.0,0.0,0.0,0.0,0.0
1.0,-1.7181771927306744,20.3775,4.0,2.0,14.2,23.137341772151892,51.56139240506331,60.10126582278483,926.9303797468358,0.39177215189873377,0.0,0.0,1.0,0.0,0.0,0.0,1.0,0.0,0.0,0.0,0.0,0.0,0.0
2.0,-2.006051776308415,20.319000000000003,4.0,2.0,14.2,23.137341772151892,51.56139240506331,60.10126582278483,926.9303797468358,0.39177215189873377,0.0,0.0,1.0,0.0,0.0,0.0,1.0,0.0,0.0,0.0,0.0,0.0,0.0
3.0,-0.9159176993836726,20.6025,4.0,2.0,14.2,23.137341772151892,51.56139240506331,60.10126582278483,926.9303797468358,0.39177215189873377,0.0,0.0,1.0,0.0,0.0,0.0,0.0,0.0,1.0,0.0,0.0,0.0,0.0
4.0,-1.8156166178745659,22.656,5.0,3.0,11.833333333333334,23.137341772151892,51.56139240506331,60.10126582278483,926.9303797468358,0.39177215189873377,0.0,0.0,1.0,0.0,0.0,0.0,1.0,0.0,0.0,0.0,0.0,0.0,0.0
5.0,0.2366653262223961,19.176,5.0,2.0,11.666666666666666,23.137341772151892,51.56139240506331,60.10126582278483,926.9303797468358,0.39177215189873377,0.0,0.0,1.0,0.0,0.0,0.0,1.0,0.0,0.0,0.0,0.0,0.0,0.0
6.0,-1.0106157112526493,20.305,4.0,2.0,14.2,23.137341772151892,51.56139240506331,60.10126582278483,926.9303797468358,0.39177215189873377,0.0,0.0,1.0,0.0,0.0,0.0,0.0,0.0,1.0,0.0,0.0,0.0,0.0
7.0,-0.42086692200234976,21.239,4.0,2.0,14.0,23.137341772151892,51.56139240506331,60.10126582278483,926.9303797468358,0.39177215189873377,0.0,0.0,1.0,0.0,0.0,0.0,1.0,0.0,0.0,0.0,0.0,0.0,0.0
8.0,0.01064863497810542,19.285,3.0,2.0,17.5,23.137341772151892,51.56139240506331,60.10126582278483,926.9303797468358,0.39177215189873377,0.0,0.0,1.0,0.0,0.0,0.0,1.0,0.0,0.0,0.0,0.0,0.0,0.0
9.0,0.034850404434594306,20.5425,4.0,2.0,14.0,23.137341772151892,51.56139240506331,60.10126582278483,926.9303797468358,0.39177215189873377,0.0,0.0,1.0,0.0,0.0,0.0,0.0,0.0,1.0,0.0,0.0,0.0,0.0
10.0,-2.0990686860460572,20.662,4.0,2.0,14.2,23.137341772151892,51.56139240506331,60.10126582278483,926.9303797468358,0.39177215189873377,0.0,0.0,1.0,0.0,0.0,0.0,1.0,0.0,0.0,0.0,0.0,0.0,0.0
11.0,-0.25319357063766645,19.732,3.0,2.0,12.25,23.137341772151892,51.56139240506331,60.10126582278483,926.9303797468358,0.39177215189873377,0.0,0.0,1.0,0.0,0.0,0.0,0.0,0.0,1.0,0.0,0.0,0.0,0.0
12.0,0.10954058940755296,17.751,3.0,2.0,17.5,23.137341772151892,51.56139240506331,60.10126582278483,926.9303797468358,0.39177215189873377,0.0,0.0,1.0,0.0,0.0,0.0,1.0,0.0,0.0,0.0,0.0,0.0,0.0
13.0,0.543086135233628,20.3795,4.0,2.0,14.0,23.137341772151892,51.56139240506331,60.10126582278483,926.9303797468358,0.39177215189873377,0.0,0.0,1.0,0.0,0.0,0.0,0.0,0.0,1.0,0.0,0.0,0.0,0.0
14.0,0.6074859469967442,17.948,3.0,2.0,11.75,23.137341772151892,51.56139240506331,60.10126582278483,926.9303797468358,0.39177215189873377,0.0,0.0,1.0,0.0,0.0,0.0,1.0,0.0,0.0,0.0,0.0,0.0,0.0
15.0,0.5675636706820031,18.499,5.0,2.0,11.666666666666666,23.137341772151892,51.56139240506331,60.10126582278483,926.9303797468358,0.39177215189873377,0.0,0.0,0.0,1.0,0.0,0.0,1.0,0.0,0.0,0.0,0.0,0.0,0.0
16.0,0.6834210278702457,20.86,4.0,2.0,14.0,23.137341772151892,51.56139240506331,60.10126582278483,926.9303797468358,0.39177215189873377,0.0,0.0,1.0,0.0,0.0,0.0,1.0,0.0,0.0,0.0,0.0,0.0,0.0
17.0,0.9761504271161292,21.911,4.0,2.0,14.0,23.137341772151892,51.56139240506331,60.10126582278483,926.9303797468358,0.39177215189873377,0.0,0.0,1.0,0.0,0.0,0.0,1.0,0.0,0.0,0.0,0.0,0.0,0.0
18.0,1.1414176694761857,24.627,5.0,2.0,11.5,23.137341772151892,51.56139240506331,60.10126582278483,926.9303797468358,0.39177215189873377,0.0,0.0,1.0,0.0,0.0,0.0,0.0,0.0,1.0,0.0,0.0,0.0,0.0
19.0,1.9017178790741052,18.467,3.0,2.0,17.25,23.137341772151892,51.56139240506331,60.10126582278483,926.9303797468358,0.39177215189873377,0.0,0.0,1.0,0.0,0.0,0.0,1.0,0.0,0.0,0.0,0.0,0.0,0.0
0.0,0.7507321432065561,23.635,3.0,2.0,17.5,23.01077844311378,46.04910179640717,76.07784431137725,922.1604790419151,1.4443113772455085,0.0,0.0,1.0,0.0,0.0,0.0,0.0,0.0,1.0,0.0,0.0,0.0,0.0
1.0,-1.1925196494715018,23.500500000000002,2.0,2.0,23.666666666666668,23.01077844311378,46.04910179640717,76.07784431137725,922.1604790419151,1.4443113772455085,0.0,0.0,0.0,1.0,0.0,0.0,0.0,0.0,0.0,1.0,0.0,0.0,0.0
2.0,-1.2560600820843537,23.747999999999998,2.0,2.0,23.666666666666668,23.01077844311378,46.04910179640717,76.07784431137725,922.1604790419151,1.4443113772455085,0.0,0.0,0.0,1.0,0.0,0.0,0.0,0.0,0.0,1.0,0.0,0.0,0.0
3.0,-0.7345905739535863,30.942,3.0,2.0,17.75,23.01077844311378,46.04910179640717,76.07784431137725,922.1604790419151,1.4443113772455085,0.0,0.0,0.0,1.0,0.0,0.0,0.0,0.0,0.0,1.0,0.0,0.0,0.0
4.0,-0.8033799155021115,23.0105,2.0,2.0,23.666666666666668,23.01077844311378,46.04910179640717,76.07784431137725,922.1604790419151,1.4443113772455085,0.0,0.0,0.0,1.0,0.0,0.0,0.0,0.0,1.0,0.0,0.0,0.0,0.0
5.0,-0.8709134045059852,23.172,3.0,2.0,17.75,23.01077844311378,46.04910179640717,76.07784431137725,922.1604790419151,1.4443113772455085,0.0,0.0,1.0,0.0,0.0,0.0,0.0,0.0,0.0,1.0,0.0,0.0,0.0
6.0,0.333048085735943,27.003500000000003,2.0,2.0,17.0,23.01077844311378,46.04910179640717,76.07784431137725,922.1604790419151,1.4443113772455085,0.0,0.0,0.0,1.0,0.0,0.0,0.0,0.0,0.0,1.0,0.0,0.0,0.0
7.0,-1.1028539878028487,23.816,3.0,2.0,17.75,23.01077844311378,46.04910179640717,76.07784431137725,922.1604790419151,1.4443113772455085,0.0,0.0,1.0,0.0,0.0,0.0,0.0,0.0,0.0,1.0,0.0,0.0,0.0
8.0,0.05146736963201337,23.50275,0.0,1.0,1.0,23.01077844311378,46.04910179640717,76.07784431137725,922.1604790419151,1.4443113772455085,0.0,0.0,1.0,0.0,0.0,0.0,0.0,0.0,1.0,0.0,0.0,0.0,0.0
9.0,0.104671195917172,24.137999999999998,2.0,2.0,23.666666666666668,23.01077844311378,46.04910179640717,76.07784431137725,922.1604790419151,1.4443113772455085,0.0,0.0,0.0,1.0,0.0,0.0,0.0,0.0,1.0,0.0,0.0,0.0,0.0
10.0,0.10712664060972266,23.328,3.0,2.0,17.75,23.01077844311378,46.04910179640717,76.07784431137725,922.1604790419151,1.4443113772455085,0.0,0.0,0.0,1.0,0.0,0.0,0.0,0.0,0.0,1.0,0.0,0.0,0.0
11.0,0.05146736963201337,23.50275,0.0,1.0,1.0,23.01077844311378,46.04910179640717,76.07784431137725,922.1604790419151,1.4443113772455085,0.0,0.0,0.0,1.0,0.0,0.0,0.0,0.0,0.0,1.0,0.0,0.0,0.0
12.0,0.3747102755601306,24.8215,2.0,2.0,23.666666666666668,23.01077844311378,46.04910179640717,76.07784431137725,922.1604790419151,1.4443113772455085,0.0,0.0,1.0,0.0,0.0,0.0,0.0,0.0,0.0,1.0,0.0,0.0,0.0
13.0,0.6206541334019988,24.7215,2.0,2.0,23.666666666666668,23.01077844311378,46.04910179640717,76.07784431137725,922.1604790419151,1.4443113772455085,0.0,0.0,0.0,1.0,0.0,0.0,0.0,0.0,0.0,1.0,0.0,0.0,0.0
14.0,0.009013649240285915,24.262,2.0,2.0,23.666666666666668,23.01077844311378,46.04910179640717,76.07784431137725,922.1604790419151,1.4443113772455085,0.0,0.0,0.0,1.0,0.0,0.0,0.0,0.0,0.0,1.0,0.0,0.0,0.0
15.0,0.17797523935720871,23.616500000000002,2.0,2.0,23.666666666666668,23.01077844311378,46.04910179640717,76.07784431137725,922.1604790419151,1.4443113772455085,0.0,0.0,1.0,0.0,0.0,0.0,0.0,0.0,1.0,0.0,0.0,0.0,0.0
16.0,0.0,24.1565,2.0,2.0,23.666666666666668,23.01077844311378,46.04910179640717,76.07784431137725,922.1604790419151,1.4443113772455085,0.0,0.0,0.0,1.0,0.0,0.0,0.0,0.0,0.0,1.0,0.0,0.0,0.0
17.0,-0.30139274331794086,23.79,3.0,2.0,17.75,23.01077844311378,46.04910179640717,76.07784431137725,922.1604790419151,1.4443113772455085,0.0,0.0,1.0,0.0,0.0,0.0,0.0,0.0,1.0,0.0,0.0,0.0,0.0
18.0,0.913075956739362,24.292,3.0,3.0,17.75,23.01077844311378,46.04910179640717,76.07784431137725,922.1604790419151,1.4443113772455085,0.0,0.0,1.0,0.0,0.0,0.0,0.0,0.0,1.0,0.0,0.0,0.0,0.0
19.0,0.9939616892944536,23.352,3.0,2.0,17.75,23.01077844311378,46.04910179640717,76.07784431137725,922.1604790419151,1.4443113772455085,1.0,0.0,0.0,0.0,0.0,0.0,0.0,0.0,1.0,0.0,0.0,0.0,0.0
1.0,-1.057436976904197,22.994,4.0,2.0,14.2,20.460109289617503,46.775956284153,58.17486338797814,927.9005464480872,1.3092896174863373,0.0,0.0,0.0,1.0,0.0,0.0,0.0,0.0,0.0,1.0,0.0,0.0,1.0
2.0,0.05146736963201337,23.50275,0.0,0.0,22.0,20.460109289617503,46.775956284153,58.17486338797814,927.9005464480872,1.3092896174863373,0.0,0.0,0.0,0.0,0.0,1.0,0.0,0.0,0.0,0.0,0.0,1.0,1.0
3.0,-0.1030670053793925,23.558,4.0,2.0,14.2,20.460109289617503,46.775956284153,58.17486338797814,927.9005464480872,1.3092896174863373,0.0,0.0,0.0,1.0,0.0,0.0,0.0,0.0,0.0,1.0,0.0,0.0,1.0
4.0,-0.34652093945902185,23.83,4.0,2.0,14.2,20.460109289617503,46.775956284153,58.17486338797814,927.9005464480872,1.3092896174863373,0.0,0.0,0.0,1.0,0.0,0.0,0.0,0.0,0.0,1.0,0.0,0.0,1.0
5.0,0.20551169824629678,23.571,4.0,2.0,14.2,20.460109289617503,46.775956284153,58.17486338797814,927.9005464480872,1.3092896174863373,0.0,0.0,0.0,1.0,0.0,0.0,0.0,0.0,0.0,1.0,0.0,0.0,1.0
6.0,-0.9656519370180805,23.664,4.0,2.0,14.2,20.460109289617503,46.775956284153,58.17486338797814,927.9005464480872,1.3092896174863373,0.0,0.0,0.0,1.0,0.0,0.0,0.0,0.0,0.0,1.0,0.0,0.0,1.0
7.0,-0.024584715690600945,23.557,4.0,2.0,14.2,20.460109289617503,46.775956284153,58.17486338797814,927.9005464480872,1.3092896174863373,0.0,0.0,0.0,1.0,0.0,0.0,0.0,0.0,0.0,1.0,0.0,0.0,1.0
8.0,0.15934212980418527,23.73,4.0,2.0,11.4,20.460109289617503,46.775956284153,58.17486338797814,927.9005464480872,1.3092896174863373,0.0,0.0,0.0,1.0,0.0,0.0,0.0,0.0,0.0,1.0,0.0,0.0,1.0
9.0,-0.27632848148194666,23.164,4.0,2.0,14.2,20.460109289617503,46.775956284153,58.17486338797814,927.9005464480872,1.3092896174863373,0.0,0.0,0.0,1.0,0.0,0.0,0.0,0.0,0.0,1.0,0.0,0.0,1.0
10.0,0.12252401755954434,23.536,4.0,2.0,13.8,20.460109289617503,46.775956284153,58.17486338797814,927.9005464480872,1.3092896174863373,0.0,0.0,0.0,1.0,0.0,0.0,0.0,0.0,0.0,1.0,0.0,0.0,1.0
11.0,0.7329993968162363,24.401,4.0,2.0,14.0,20.460109289617503,46.775956284153,58.17486338797814,927.9005464480872,1.3092896174863373,0.0,0.0,0.0,1.0,0.0,0.0,0.0,0.0,0.0,1.0,0.0,0.0,1.0
12.0,0.05146736963201337,23.50275,0.0,1.0,1.0,20.460109289617503,46.775956284153,58.17486338797814,927.9005464480872,1.3092896174863373,0.0,0.0,0.0,1.0,0.0,0.0,0.0,0.0,0.0,1.0,0.0,0.0,1.0
13.0,0.05146736963201337,23.50275,0.0,1.0,1.0,20.460109289617503,46.775956284153,58.17486338797814,927.9005464480872,1.3092896174863373,0.0,0.0,0.0,1.0,0.0,0.0,0.0,0.0,0.0,1.0,0.0,0.0,1.0
14.0,0.1651139478175856,23.817999999999998,5.0,2.0,11.666666666666666,20.460109289617503,46.775956284153,58.17486338797814,927.9005464480872,1.3092896174863373,0.0,0.0,0.0,1.0,0.0,0.0,0.0,0.0,0.0,1.0,0.0,0.0,1.0
15.0,0.05358045778013354,23.583,4.0,2.0,14.2,20.460109289617503,46.775956284153,58.17486338797814,927.9005464480872,1.3092896174863373,0.0,0.0,0.0,1.0,0.0,0.0,0.0,0.0,0.0,1.0,0.0,0.0,1.0
16.0,0.02644897857844164,23.453,4.0,2.0,14.2,20.460109289617503,46.775956284153,58.17486338797814,927.9005464480872,1.3092896174863373,0.0,0.0,0.0,1.0,0.0,0.0,0.0,0.0,0.0,1.0,0.0,0.0,1.0
17.0,-0.0020056291324399567,23.955,4.0,2.0,14.0,20.460109289617503,46.775956284153,58.17486338797814,927.9005464480872,1.3092896174863373,0.0,0.0,0.0,1.0,0.0,0.0,0.0,0.0,0.0,1.0,0.0,0.0,1.0
18.0,0.504602706861057,22.4045,3.0,2.0,9.75,20.460109289617503,46.775956284153,58.17486338797814,927.9005464480872,1.3092896174863373,0.0,0.0,0.0,1.0,0.0,0.0,0.0,0.0,1.0,0.0,0.0,0.0,1.0
19.0,1.0660671549785894,24.367,4.0,2.0,14.0,20.460109289617503,46.775956284153,58.17486338797814,927.9005464480872,1.3092896174863373,0.0,0.0,1.0,0.0,0.0,0.0,0.0,0.0,0.0,1.0,0.0,0.0,1.0
20.0,0.33191892295505454,22.6045,3.0,2.0,5.5,20.460109289617503,46.775956284153,58.17486338797814,927.9005464480872,1.3092896174863373,0.0,0.0,0.0,1.0,0.0,0.0,0.0,0.0,0.0,1.0,0.0,0.0,1.0
1.0,-0.48668410624380654,24.764,2.0,1.0,23.0,21.66268656716417,25.769651741293544,85.2587064676617,926.4567164179118,0.7358208955223883,0.0,1.0,0.0,0.0,0.0,0.0,0.0,1.0,0.0,0.0,0.0,0.0,1.0
2.0,-0.5858264626531773,25.698,2.0,1.0,23.0,21.66268656716417,25.769651741293544,85.2587064676617,926.4567164179118,0.7358208955223883,0.0,1.0,0.0,0.0,0.0,0.0,0.0,1.0,0.0,0.0,0.0,0.0,1.0
3.0,0.0,25.431,2.0,2.0,23.0,21.66268656716417,25.769651741293544,85.2587064676617,926.4567164179118,0.7358208955223883,0.0,1.0,0.0,0.0,0.0,0.0,0.0,1.0,0.0,0.0,0.0,0.0,1.0
4.0,-0.3218138599378251,23.50275,1.0,1.0,34.5,21.66268656716417,25.769651741293544,85.2587064676617,926.4567164179118,0.7358208955223883,0.0,1.0,0.0,0.0,0.0,0.0,0.0,1.0,0.0,0.0,0.0,0.0,1.0
5.0,0.22019252135548895,28.167,2.0,2.0,23.0,21.66268656716417,25.769651741293544,85.2587064676617,926.4567164179118,0.7358208955223883,0.0,1.0,0.0,0.0,0.0,0.0,0.0,1.0,0.0,0.0,0.0,0.0,1.0
6.0,-0.31916490387627894,24.573,2.0,1.0,23.0,21.66268656716417,25.769651741293544,85.2587064676617,926.4567164179118,0.7358208955223883,0.0,1.0,0.0,0.0,0.0,0.0,0.0,1.0,0.0,0.0,0.0,0.0,1.0
7.0,0.05146736963201337,23.50275,0.0,0.0,22.0,21.66268656716417,25.769651741293544,85.2587064676617,926.4567164179118,0.7358208955223883,0.0,0.0,0.0,0.0,0.0,1.0,0.0,0.0,0.0,0.0,0.0,1.0,1.0
8.0,-0.1653355113387711,26.05,2.0,1.0,23.0,21.66268656716417,25.769651741293544,85.2587064676617,926.4567164179118,0.7358208955223883,0.0,1.0,0.0,0.0,0.0,0.0,0.0,1.0,0.0,0.0,0.0,0.0,1.0
9.0,0.01553425901584804,25.107,2.0,1.0,23.0,21.66268656716417,25.769651741293544,85.2587064676617,926.4567164179118,0.7358208955223883,0.0,1.0,0.0,0.0,0.0,0.0,0.0,1.0,0.0,0.0,0.0,0.0,1.0
10.0,0.05146736963201337,23.50275,0.0,0.0,22.0,21.66268656716417,25.769651741293544,85.2587064676617,926.4567164179118,0.7358208955223883,0.0,0.0,0.0,0.0,0.0,1.0,0.0,0.0,0.0,0.0,0.0,1.0,1.0
11.0,0.8983273363804445,23.50275,1.0,1.0,34.5,21.66268656716417,25.769651741293544,85.2587064676617,926.4567164179118,0.7358208955223883,0.0,1.0,0.0,0.0,0.0,0.0,0.0,1.0,0.0,0.0,0.0,0.0,1.0
12.0,0.4324097018398865,26.692,2.0,2.0,23.0,21.66268656716417,25.769651741293544,85.2587064676617,926.4567164179118,0.7358208955223883,0.0,1.0,0.0,0.0,0.0,0.0,0.0,1.0,0.0,0.0,0.0,0.0,1.0
13.0,-0.3732920980465515,23.50275,1.0,1.0,34.5,21.66268656716417,25.769651741293544,85.2587064676617,926.4567164179118,0.7358208955223883,0.0,1.0,0.0,0.0,0.0,0.0,0.0,1.0,0.0,0.0,0.0,0.0,1.0
14.0,0.28922477084926124,25.205,2.0,1.0,23.0,21.66268656716417,25.769651741293544,85.2587064676617,926.4567164179118,0.7358208955223883,0.0,1.0,0.0,0.0,0.0,0.0,0.0,1.0,0.0,0.0,0.0,0.0,1.0
15.0,0.45077603352231543,35.755,2.0,1.0,23.0,21.66268656716417,25.769651741293544,85.2587064676617,926.4567164179118,0.7358208955223883,0.0,1.0,0.0,0.0,0.0,0.0,0.0,1.0,0.0,0.0,0.0,0.0,1.0
16.0,0.6668227863076415,25.262999999999998,2.0,1.0,15.0,21.66268656716417,25.769651741293544,85.2587064676617,926.4567164179118,0.7358208955223883,0.0,1.0,0.0,0.0,0.0,0.0,0.0,1.0,0.0,0.0,0.0,0.0,1.0
17.0,-1.1053795136330202,23.50275,1.0,1.0,34.5,21.66268656716417,25.769651741293544,85.2587064676617,926.4567164179118,0.7358208955223883,0.0,1.0,0.0,0.0,0.0,0.0,0.0,1.0,0.0,0.0,0.0,0.0,1.0
18.0,0.0370359483848226,28.59,3.0,2.0,7.5,21.66268656716417,25.769651741293544,85.2587064676617,926.4567164179118,0.7358208955223883,0.0,1.0,0.0,0.0,0.0,0.0,0.0,1.0,0.0,0.0,0.0,0.0,1.0
19.0,1.7162475026364588,26.1575,4.0,2.0,13.8,21.66268656716417,25.769651741293544,85.2587064676617,926.4567164179118,0.7358208955223883,0.0,1.0,0.0,0.0,0.0,0.0,0.0,1.0,0.0,0.0,0.0,0.0,1.0
20.0,0.4844379412262123,25.92,2.0,1.0,13.0,21.66268656716417,25.769651741293544,85.2587064676617,926.4567164179118,0.7358208955223883,0.0,1.0,0.0,0.0,0.0,0.0,0.0,1.0,0.0,0.0,0.0,0.0,1.0
1.0,-0.7670143257173079,23.363999999999997,2.0,2.0,23.666666666666668,17.34802631578948,30.69276315789474,70.57236842105263,929.708552631579,1.5098684210526314,0.0,0.0,1.0,0.0,0.0,0.0,0.0,0.0,1.0,0.0,0.0,0.0,0.0
2.0,-0.5313538843571108,23.378500000000003,2.0,2.0,23.666666666666668,17.34802631578948,30.69276315789474,70.57236842105263,929.708552631579,1.5098684210526314,0.0,0.0,0.0,1.0,0.0,0.0,0.0,0.0,1.0,0.0,0.0,0.0,0.0
3.0,0.7188938454156135,23.50275,0.0,1.0,6.0,17.34802631578948,30.69276315789474,70.57236842105263,929.708552631579,1.5098684210526314,0.0,0.0,1.0,0.0,0.0,0.0,0.0,0.0,1.0,0.0,0.0,0.0,0.0
4.0,-0.715900780311729,28.8785,2.0,2.0,23.666666666666668,17.34802631578948,30.69276315789474,70.57236842105263,929.708552631579,1.5098684210526314,0.0,0.0,1.0,0.0,0.0,0.0,0.0,0.0,1.0,0.0,0.0,0.0,0.0
5.0,0.3517265359616939,23.584,2.0,2.0,23.666666666666668,17.34802631578948,30.69276315789474,70.57236842105263,929.708552631579,1.5098684210526314,0.0,0.0,0.0,1.0,0.0,0.0,0.0,0.0,1.0,0.0,0.0,0.0,0.0
6.0,-0.4411302036964049,23.243000000000002,2.0,2.0,23.666666666666668,17.34802631578948,30.69276315789474,70.57236842105263,929.708552631579,1.5098684210526314,0.0,0.0,1.0,0.0,0.0,0.0,0.0,0.0,1.0,0.0,0.0,0.0,0.0
7.0,0.4554189914518947,22.899,1.0,2.0,35.5,17.34802631578948,30.69276315789474,70.57236842105263,929.708552631579,1.5098684210526314,0.0,0.0,0.0,1.0,0.0,0.0,0.0,0.0,1.0,0.0,0.0,0.0,0.0
8.0,-0.10192722932286236,24.201,2.0,2.0,23.666666666666668,17.34802631578948,30.69276315789474,70.57236842105263,929.708552631579,1.5098684210526314,0.0,0.0,0.0,1.0,0.0,0.0,0.0,0.0,1.0,0.0,0.0,0.0,0.0
9.0,0.32344125687557845,23.6605,2.0,2.0,23.666666666666668,17.34802631578948,30.69276315789474,70.57236842105263,929.708552631579,1.5098684210526314,0.0,0.0,0.0,1.0,0.0,0.0,0.0,0.0,1.0,0.0,0.0,0.0,0.0
10.0,0.6204210265511212,23.086,1.0,2.0,35.5,17.34802631578948,30.69276315789474,70.57236842105263,929.708552631579,1.5098684210526314,0.0,0.0,1.0,0.0,0.0,0.0,0.0,0.0,1.0,0.0,0.0,0.0,0.0
11.0,0.20003564991779577,23.752499999999998,2.0,2.0,23.666666666666668,17.34802631578948,30.69276315789474,70.57236842105263,929.708552631579,1.5098684210526314,1.0,0.0,0.0,0.0,0.0,0.0,0.0,0.0,1.0,0.0,0.0,0.0,0.0
12.0,0.3385686071663674,23.0865,2.0,2.0,23.666666666666668,17.34802631578948,30.69276315789474,70.57236842105263,929.708552631579,1.5098684210526314,0.0,0.0,1.0,0.0,0.0,0.0,0.0,0.0,1.0,0.0,0.0,0.0,0.0
13.0,0.5971331939489954,30.752,3.0,3.0,9.25,17.34802631578948,30.69276315789474,70.57236842105263,929.708552631579,1.5098684210526314,0.0,0.0,0.0,1.0,0.0,0.0,0.0,0.0,1.0,0.0,0.0,0.0,0.0
14.0,0.0,23.364,2.0,2.0,23.666666666666668,17.34802631578948,30.69276315789474,70.57236842105263,929.708552631579,1.5098684210526314,1.0,0.0,0.0,0.0,0.0,0.0,0.0,0.0,1.0,0.0,0.0,0.0,0.0
15.0,0.36594453611540345,24.649,2.0,2.0,23.666666666666668,17.34802631578948,30.69276315789474,70.57236842105263,929.708552631579,1.5098684210526314,0.0,0.0,0.0,1.0,0.0,0.0,0.0,0.0,1.0,0.0,0.0,0.0,0.0
16.0,0.1459420015675228,24.917,2.0,2.0,23.666666666666668,17.34802631578948,30.69276315789474,70.57236842105263,929.708552631579,1.5098684210526314,0.0,0.0,1.0,0.0,0.0,0.0,0.0,0.0,1.0,0.0,0.0,0.0,0.0
17.0,0.025654855836976243,33.841,3.0,2.0,17.75,17.34802631578948,30.69276315789474,70.57236842105263,929.708552631579,1.5098684210526314,1.0,0.0,0.0,0.0,0.0,0.0,0.0,0.0,1.0,0.0,0.0,0.0,0.0
18.0,0.05146736963201337,23.50275,0.0,1.0,1.0,17.34802631578948,30.69276315789474,70.57236842105263,929.708552631579,1.5098684210526314,0.0,0.0,0.0,1.0,0.0,0.0,0.0,0.0,0.0,1.0,0.0,0.0,0.0
19.0,-0.8049784316087438,23.197,3.0,3.0,17.75,17.34802631578948,30.69276315789474,70.57236842105263,929.708552631579,1.5098684210526314,1.0,0.0,0.0,0.0,0.0,0.0,0.0,0.0,1.0,0.0,0.0,0.0,0.0
20.0,0.12468331763739737,24.1905,2.0,2.0,23.666666666666668,17.34802631578948,30.69276315789474,70.57236842105263,929.708552631579,1.5098684210526314,1.0,0.0,0.0,0.0,0.0,0.0,0.0,0.0,1.0,0.0,0.0,0.0,0.0
